Symbol,2021-05-19,2021-05-18,2021-05-17,2021-05-14,2021-05-13,2021-05-12,2021-05-11,2021-05-10,2021-05-07,2021-05-06,2021-05-05,2021-05-04,2021-04-30,2021-04-29,2021-04-28,2021-04-27,2021-04-26,2021-04-23,2021-04-22,2021-04-21,2021-04-20,2021-04-19,2021-04-16,2021-04-15,2021-04-14,2021-04-13,2021-04-12,2021-04-09,2021-04-08,2021-04-07,2021-04-06,2021-04-01,2021-03-31,2021-03-30,2021-03-29,2021-03-26,2021-03-25,2021-03-24,2021-03-23,2021-03-22,2021-03-19,2021-03-18,2021-03-17,2021-03-16,2021-03-15,2021-03-12,2021-03-11,2021-03-10,2021-03-09,2021-03-08,2021-03-05,2021-03-04,2021-03-03,2021-03-02,2021-03-01,2021-02-26,2021-02-25,2021-02-24,2021-02-23,2021-02-22,2021-02-19,2021-02-18,2021-02-17,2021-02-16,2021-02-15,2021-02-12,2021-02-11,2021-02-10,2021-02-09,2021-02-08,2021-02-05,2021-02-04,2021-02-03,2021-02-02,2021-02-01,2021-01-29,2021-01-28,2021-01-27,2021-01-26,2021-01-25,2021-01-22,2021-01-21,2021-01-20,2021-01-19,2021-01-18,2021-01-15,2021-01-14,2021-01-13,2021-01-12,2021-01-11,2021-01-08,2021-01-07,2021-01-06,2021-01-05,2021-01-04
3IN.L,301.5,300.5,299.5,299.5,297.0,295.5,296.0,297.0,297.0,295.0,293.5,296.0,297.0,296.5,296.0,299.0,295.5,294.5,293.5,292.5,293.5,295.5,296.0,296.0,295.0,294.5,296.5,295.0,296.0,295.5,297.0,296.5,296.5,295.0,293.0,295.0,290.5,290.0,290.0,296.5,293.0,290.0,291.0,294.5,292.5,290.5,295.5,298.0,298.0,295.0,287.5,294.0,294.5,294.5,295.0,291.0,293.0,296.5,294.0,294.5,303.0,294.0,295.5,297.0,296.0,293.0,286.0,294.0,294.5,296.5,296.0,294.5,294.0,298.0,297.5,298.5,299.5,300.5,302.5,303.0,303.0,304.5,307.0,305.5,304.5,303.5,303.0,303.5,304.5,308.5,311.5,308.5,309.5,309.0,308.5
7DIG.L,1.275,1.275,1.275,1.25,1.25,1.25,1.175,1.25,1.3,1.3,1.35,1.325,1.3,1.275,1.225,1.225,1.225,1.275,1.275,1.3,1.275,1.35,1.4,1.4,1.4,1.425,1.375,1.375,1.325,1.35,1.375,1.375,1.4,1.4,1.4,1.4,1.35,1.4,1.45,1.5,1.55,1.45,1.55,1.355,1.45,1.575,1.65,1.275,1.275,1.325,1.325,1.425,1.45,1.45,1.425,1.35,1.35,1.425,1.425,1.425,1.425,1.425,1.5,1.525,1.575,1.55,1.575,1.575,1.575,1.575,1.6,1.725,1.65,1.65,1.425,1.425,1.375,1.425,1.5,1.5,1.55,1.65,1.65,1.7,1.95,1.655,1.575,1.55,1.35,1.35,1.225,1.225,1.2,1.225,1.225
888.L,385.200012,390.799988,387.799988,392.399994,391.600006,393.0,397.0,406.799988,417.200012,415.399994,423.200012,420.0,426.600006,431.600006,450.0,430.799988,426.600006,418.799988,413.0,411.799988,405.600006,408.0,405.0,409.799988,404.399994,406.600006,403.399994,408.0,407.600006,407.600006,409.0,399.799988,395.0,400.5,404.5,401.0,390.0,394.0,378.0,369.0,352.5,348.5,333.5,331.5,320.5,317.5,317.0,316.5,322.0,317.0,312.0,318.0,317.0,302.0,303.0,297.0,303.5,300.0,293.5,290.5,295.0,300.5,310.0,315.0,318.0,311.5,312.5,316.0,315.0,313.0,310.5,304.0,306.5,306.5,302.5,302.0,303.5,304.5,307.0,304.0,309.5,310.0,310.0,312.0,310.0,305.0,299.0,303.0,305.0,304.5,304.5,310.0,315.0,310.0,295.5
88E.L,1.325,1.29,1.294,1.3,1.252,1.325,1.3,1.45,1.41,1.46,1.35,1.4,1.49,1.4,1.5,1.48,1.208,1.04,1.06,1.08,1.2,1.28,1.31,1.252,1.3,1.44,1.58,1.38,1.696,1.55,1.13,3.75,4.05,2.8,2.25,1.75,1.65,1.5,1.35,1.5,1.11,1.04,1.1,1.15,1.3,0.82,0.5,0.49,0.51,0.54,0.56,0.555,0.55,0.49,0.47,0.465,0.47,0.46,0.46,0.475,0.485,0.465,0.465,0.47,0.49,0.48,0.475,0.465,0.56,0.545,0.545,0.555,0.555,0.545,0.56,0.48,0.49,0.512,0.42,0.44,0.446,0.6,0.555,0.57,0.57,0.585,0.605,0.625,0.62,0.651,0.55,0.53,0.51,0.485,0.5
AAF.L,78.650002,78.849998,78.949997,80.400002,79.150002,80.150002,77.900002,78.0,81.300003,78.900002,78.0,77.0,76.0,74.150002,74.5,74.550003,75.900002,75.0,73.5,73.050003,71.400002,75.0,75.0,75.5,74.550003,84.800003,84.099998,82.800003,84.699997,82.900002,82.25,81.050003,79.300003,79.699997,79.0,80.400002,79.0,81.0,81.400002,84.199997,87.599998,87.0,84.0,82.199997,79.800003,79.300003,79.400002,81.300003,80.0,77.699997,77.900002,78.199997,79.199997,80.199997,80.199997,79.699997,78.400002,76.5,75.900002,76.099998,76.0,77.099998,77.400002,80.0,80.0,78.0,77.699997,78.599998,77.300003,80.0,79.0,81.5,83.0,81.699997,82.300003,79.5,79.599998,80.0,79.300003,74.599998,77.199997,74.599998,77.0,76.199997,78.699997,78.699997,80.5,75.5,76.400002,77.599998,78.199997,79.699997,80.300003,77.599998,74.400002
AAIF.L,220.5,221.5,219.0,224.5,221.0,222.0,227.0,229.0,230.5,228.0,230.0,227.5,231.0,231.0,232.5,233.5,232.0,232.0,236.0,232.5,232.0,232.0,234.0,235.0,233.0,233.0,229.0,231.0,229.0,229.5,230.0,227.0,227.0,225.5,224.0,223.0,221.0,222.5,221.0,225.0,224.0,226.0,225.0,226.0,225.5,225.0,228.0,226.0,226.0,226.5,224.0,226.0,227.0,227.0,225.5,225.0,226.0,223.5,227.5,228.0,227.0,228.0,230.0,230.0,232.5,229.0,230.0,231.0,229.5,230.0,230.0,223.0,226.5,226.0,221.0,220.0,226.0,228.5,230.0,232.0,231.0,235.0,234.0,237.0,232.5,231.0,233.0,234.0,237.0,234.0,234.0,229.0,230.0,230.0,225.0
AAL.L,3154.0,3310.0,3297.5,3266.5,3250.5,3401.0,3394.5,3408.5,3381.5,3265.5,3270.5,3077.0,3070.0,3141.5,3174.0,3169.5,3201.0,3132.0,3094.0,3068.5,3067.0,3186.5,3199.5,3149.5,3143.5,3051.0,3029.0,3083.0,3084.0,2988.0,2963.5,2898.5,2842.5,2869.5,2808.0,2843.5,2726.0,2783.0,2721.0,2781.0,2804.5,2902.5,2889.5,3008.0,2997.0,3017.5,2989.5,2857.0,2885.5,3018.5,2913.5,2887.0,2985.0,2957.5,2898.0,2772.5,2953.5,2841.5,2800.5,2807.0,2870.0,2765.0,2779.5,2818.5,2793.0,2663.0,2663.5,2713.0,2590.0,2581.0,2484.0,2416.0,2440.5,2429.0,2491.5,2414.0,2446.0,2354.5,2510.5,2515.0,2627.5,2668.0,2675.0,2626.0,2675.0,2663.5,2813.0,2725.5,2734.0,2758.5,2823.0,2819.0,2756.5,2587.0,2572.0
AAS.L,1235.0,1250.0,1230.0,1235.0,1215.0,1235.0,1245.0,1280.0,1285.0,1280.0,1285.0,1280.0,1285.0,1330.0,1310.0,1310.0,1310.0,1290.0,1312.5,1310.0,1310.0,1310.0,1300.0,1305.0,1290.0,1295.0,1290.0,1280.0,1275.0,1270.0,1262.5,1265.0,1250.0,1262.5,1247.5,1257.5,1230.0,1227.5,1230.0,1245.0,1255.0,1250.0,1240.0,1245.0,1230.0,1215.0,1250.0,1225.0,1212.5,1215.0,1225.0,1220.0,1235.0,1220.0,1210.0,1180.0,1210.0,1195.0,1185.0,1217.5,1225.0,1237.5,1247.5,1245.0,1240.0,1260.0,1255.0,1242.5,1225.0,1255.0,1240.0,1200.0,1240.0,1220.0,1190.0,1175.0,1200.0,1210.0,1230.0,1230.0,1195.0,1230.0,1190.0,1250.0,1220.0,1200.0,1240.0,1225.0,1235.0,1230.0,1240.0,1210.0,1190.0,1185.0,1170.0
AAU.L,5.0,5.3,5.0,4.9,4.9,5.15,5.15,5.15,5.2,5.15,5.05,5.1,5.05,5.28,4.85,4.85,5.0,4.85,4.8,4.75,4.8,4.8,4.75,4.7,4.75,4.75,4.6,4.6,4.5,4.4,4.4,4.35,4.3,4.45,4.575,4.7,4.7,4.7,4.75,4.8,4.85,4.75,4.7,4.6,4.55,4.45,4.35,4.2,4.35,4.25,4.3,4.25,4.5,4.5,4.4,4.4,4.5,4.55,4.4,4.7,4.55,4.55,4.75,4.4,4.5,4.625,4.75,4.8,4.83,4.55,4.4,4.5,4.6,4.75,4.85,4.8,4.725,4.65,4.6,4.8,4.9,5.0,5.05,5.05,5.1,5.2,5.2,5.2,5.2,5.2,5.2,5.1,5.05,5.25,5.35
AAZ.L,143.0,144.0,142.5,141.5,142.5,144.0,140.0,142.0,141.5,136.0,132.0,134.5,132.0,134.5,138.0,133.0,138.0,139.5,135.5,140.0,125.0,130.0,128.0,122.5,134.0,140.0,137.5,138.0,140.5,142.0,147.0,141.0,135.0,140.0,141.5,143.0,141.0,148.0,148.0,147.0,151.0,151.0,150.5,150.0,144.5,143.0,143.0,143.0,137.0,133.5,132.5,132.0,136.0,141.0,146.0,147.5,150.0,150.0,153.0,152.5,148.0,142.0,141.5,145.0,144.5,150.0,154.0,160.0,160.0,155.5,160.0,151.0,156.5,152.0,153.5,157.0,162.5,165.0,177.0,177.0,161.0,152.0,130.0,127.0,123.5,125.0,130.0,127.5,127.0,125.5,128.0,134.0,133.5,138.0,135.0
ABC.L,1402.0,1408.0,1413.0,1402.0,1415.0,1437.0,1459.0,1471.0,1490.0,1472.0,1499.0,1505.0,1528.0,1520.0,1514.0,1508.0,1490.0,1462.0,1464.0,1449.0,1440.0,1448.0,1442.0,1439.0,1424.0,1428.0,1416.0,1442.0,1437.0,1411.0,1403.0,1410.0,1391.0,1393.0,1402.0,1431.0,1436.0,1464.0,1468.0,1517.0,1495.0,1511.0,1523.0,1550.0,1548.0,1525.0,1533.0,1486.0,1494.0,1447.0,1532.0,1531.0,1590.0,1630.0,1602.0,1696.0,1650.0,1599.0,1653.0,1676.0,1703.0,1716.0,1709.0,1704.0,1711.0,1706.0,1690.0,1664.0,1674.0,1671.0,1633.0,1619.0,1626.0,1641.0,1636.0,1658.0,1641.0,1667.0,1690.0,1690.0,1698.0,1700.0,1706.0,1713.0,1719.0,1704.0,1693.0,1686.0,1666.0,1556.0,1467.0,1464.0,1460.0,1474.0,1517.0
ABD.L,316.0,315.0,318.0,319.0,315.0,317.0,319.5,322.5,330.5,324.0,324.5,322.0,328.5,328.0,331.0,325.0,326.0,327.0,328.0,324.5,325.5,326.0,331.0,330.0,328.5,333.0,327.0,328.5,332.0,327.5,329.0,324.0,316.0,322.0,319.0,317.0,312.0,316.0,316.0,320.5,321.0,322.0,318.0,320.0,318.5,320.0,321.0,315.5,316.0,314.0,316.5,321.0,327.0,324.0,326.0,320.5,330.0,324.5,334.5,349.0,356.0,359.0,359.0,360.0,362.0,363.0,357.5,358.0,356.0,355.0,357.0,342.5,347.0,347.0,337.0,329.0,334.0,338.0,339.0,343.0,342.5,345.0,341.0,334.0,332.0,329.0,335.5,335.5,337.0,336.5,335.5,329.0,330.0,332.5,325.0
ABDP.L,2125.0,2140.0,2150.0,2190.0,2220.0,2300.0,2300.0,2300.0,2325.0,2320.0,2250.0,2190.0,2300.0,2260.0,2280.0,2450.0,2420.0,2470.0,2400.0,2290.0,2220.0,2290.0,2300.0,2240.0,2140.0,2090.0,2070.0,2050.0,2050.0,2030.0,2050.0,2100.0,2030.0,2025.0,2110.0,2050.0,2050.0,1990.0,2030.0,2060.0,1960.0,2060.0,2080.0,2020.0,2040.0,2040.0,2030.0,2030.0,2050.0,2030.0,2060.0,2000.0,1890.0,1890.0,1890.0,1890.0,1860.0,1820.0,1895.0,2000.0,2025.0,2040.0,2050.0,2090.0,2075.0,2060.0,2150.0,2090.0,2080.0,2080.0,2150.0,2100.0,2100.0,2100.0,1965.0,2000.0,2030.0,2085.0,2140.0,2110.0,2220.0,2220.0,2250.0,2215.0,2170.0,2300.0,2240.0,2135.0,2100.0,2025.0,2050.0,1995.0,1950.0,2000.0,2025.0
ABDX.L,65.0,66.5,70.400002,67.0,61.5,61.0,64.0,58.0,55.5,56.0,55.0,54.0,58.0,60.0,57.5,54.0,80.5,82.5,82.5,78.5,77.5,81.5,85.0,85.0,85.0,85.0,85.0,95.0,92.5,92.5,90.0,85.0,85.0,87.5,90.0,86.0,86.0,86.0,90.0,87.5,87.5,95.0,95.0,95.0,100.0,100.0,105.0,104.0,96.5,98.5,95.0,88.0,95.0,95.0,92.5,90.0,91.5,97.5,90.0,105.0,97.5,87.5,93.5,94.0,91.0,89.800003,94.0,85.0,95.0,91.0,105.0,105.0,105.0,105.0,103.5,102.0,102.0,117.5,126.0,119.0,105.5,103.5,93.5,94.5,94.5,94.5,94.5,94.5,94.5,94.5,94.5,95.0,95.0,94.5,95.5
ABF.L,2263.0,2287.0,2277.0,2300.0,2238.0,2280.0,2290.0,2369.0,2350.0,2340.0,2310.0,2290.0,2308.0,2320.0,2299.0,2303.0,2317.0,2294.0,2313.0,2308.0,2314.0,2460.0,2428.0,2459.0,2442.0,2458.0,2463.0,2484.0,2490.0,2482.0,2463.0,2451.0,2415.0,2421.0,2377.0,2394.0,2333.0,2330.0,2340.0,2396.0,2414.0,2416.0,2461.0,2494.0,2456.0,2423.0,2383.0,2395.0,2412.0,2362.0,2356.0,2382.0,2383.0,2367.0,2397.0,2368.0,2421.0,2437.0,2454.0,2407.0,2371.0,2320.0,2308.0,2307.0,2348.0,2227.0,2230.0,2240.0,2272.0,2265.0,2290.0,2266.0,2247.0,2238.0,2201.0,2117.0,2189.0,2185.0,2202.0,2200.0,2254.0,2319.0,2304.0,2266.0,2270.0,2249.0,2255.0,2221.0,2221.0,2220.0,2219.0,2230.0,2262.0,2202.0,2226.0
ACC.L,135.0,134.0,134.0,136.0,135.5,137.0,138.5,137.5,134.0,132.5,131.5,131.5,130.5,125.5,127.0,127.0,127.0,127.0,127.0,127.0,130.0,130.0,130.0,133.5,133.5,135.5,136.0,136.0,136.0,136.0,136.0,131.0,134.5,123.5,117.5,117.5,116.0,116.0,116.0,117.5,117.5,117.5,117.5,117.5,117.5,117.5,117.5,117.5,117.5,117.5,117.5,117.5,119.5,119.5,119.5,119.5,119.5,119.5,119.5,118.0,108.5,106.0,105.0,105.0,103.5,102.0,102.0,101.5,101.5,101.5,101.5,101.5,101.5,101.5,101.5,101.5,101.5,101.0,103.0,103.0,103.0,103.0,102.5,93.5,90.5,90.0,90.0,90.0,90.0,90.0,90.0,90.0,90.0,90.0,91.0
ACP.L,4.55,4.65,4.8,4.75,4.75,4.9,4.95,5.05,5.1,5.1,4.95,5.05,5.05,5.05,5.1,5.15,5.15,5.2,5.25,5.15,5.0,5.2,5.05,5.0,4.95,5.1,5.35,5.1,5.35,5.25,5.2,4.95,5.05,5.0,4.75,4.7,4.1,4.3,4.4,4.45,4.35,4.45,4.55,4.65,4.75,4.15,3.9,3.9,3.95,3.8,4.05,4.1,3.95,4.1,4.0,4.1,4.15,4.25,4.2,4.35,4.45,4.55,4.75,4.15,4.15,4.1,3.95,4.1,4.2,4.1,4.05,4.0,4.3,4.2,4.05,3.95,4.0,4.3,4.25,4.55,4.55,4.8,4.85,4.75,4.525,4.65,4.9,4.75,4.35,4.4,4.15,3.775,4.05,3.85,3.6
ACRL.L,54.0,54.0,62.0,63.0,63.0,62.0,63.5,63.0,63.0,63.0,63.0,63.5,66.0,66.5,69.0,66.0,65.0,66.0,64.5,64.5,64.0,63.0,64.0,64.5,63.0,65.0,60.0,63.0,58.0,59.0,59.0,59.0,59.0,60.5,61.5,61.5,61.5,61.5,63.0,61.5,60.0,62.5,62.5,62.0,63.5,62.0,62.0,61.5,61.5,61.5,61.5,62.0,61.0,59.0,59.200001,61.0,64.0,63.700001,62.0,62.5,63.5,60.5,62.0,61.0,60.0,61.0,61.5,62.5,62.5,64.0,62.0,57.700001,58.0,58.5,58.5,59.0,59.5,59.400002,62.5,63.0,61.5,64.0,63.799999,66.0,64.0,68.0,69.0,72.0,68.0,73.0,69.599998,67.0,66.0,64.5,67.0
ACSO.L,655.0,665.0,624.0,630.0,630.0,650.0,650.0,670.0,656.0,650.0,655.0,675.0,675.0,660.0,680.0,676.0,674.0,680.0,670.0,670.0,670.0,675.0,656.0,670.0,675.0,685.0,700.0,710.0,716.0,720.0,720.0,685.0,635.0,604.0,594.0,585.0,570.0,569.0,580.0,520.0,500.0,510.0,560.0,560.0,550.0,520.0,515.0,520.0,510.0,550.0,545.0,550.0,560.0,570.0,564.0,550.0,542.0,540.0,530.0,485.0,495.0,485.0,485.0,485.0,485.0,470.0,470.0,476.0,490.0,500.0,472.5,435.0,435.0,435.0,435.0,420.0,390.0,390.0,400.0,410.0,420.0,420.0,422.5,422.5,422.5,432.5,415.0,415.0,430.0,437.5,440.0,445.0,450.0,445.0,450.0
ADIG.L,94.800003,94.400002,94.800003,94.300003,93.400002,94.099998,94.0,94.0,95.800003,95.800003,95.599998,95.199997,95.400002,95.400002,95.699997,95.0,95.900002,96.199997,95.400002,95.599998,94.0,95.699997,96.199997,96.699997,96.300003,96.800003,95.0,95.800003,95.599998,94.800003,96.199997,95.199997,95.0,94.599998,95.099998,94.599998,94.400002,94.199997,93.0,94.0,93.199997,93.599998,93.400002,94.400002,93.199997,95.400002,95.800003,93.400002,93.599998,93.400002,92.0,92.599998,95.199997,96.0,97.199997,96.0,98.0,97.699997,98.0,98.0,97.400002,99.300003,98.800003,98.599998,98.800003,97.800003,98.400002,99.099998,98.300003,97.800003,100.0,97.900002,98.300003,97.199997,95.400002,95.0,94.800003,96.0,96.0,97.0,97.0,99.0,99.0,98.300003,99.199997,98.0,97.599998,98.0,97.0,97.199997,97.300003,99.0,98.5,98.599998,98.599998
ADM.L,2950.0,2950.0,2948.0,2945.0,2899.0,2876.0,2913.0,2978.0,2978.0,2964.0,3110.0,3112.0,3129.0,3145.0,3142.0,3170.0,3208.0,3195.0,3190.0,3204.0,3142.0,3194.0,3200.0,3207.0,3197.0,3204.0,3204.0,3150.0,3190.0,3131.0,3122.0,3057.0,3101.0,3039.0,2981.0,3039.0,2989.0,2993.0,3046.0,2986.0,2975.0,2987.0,2973.0,2965.0,2912.0,2944.0,2938.0,2944.0,2948.0,2932.0,2959.0,3063.0,3147.0,3200.0,3127.0,3088.0,3107.0,3091.0,3089.0,3081.0,3067.0,3052.0,3060.0,3100.0,3057.0,2997.0,2982.0,2940.0,2951.0,2917.0,2950.0,2959.0,2941.0,2949.0,2919.0,2882.0,2947.0,2969.0,2939.0,2945.0,2955.0,2943.0,2920.0,2918.0,2929.0,2923.0,2951.0,2948.0,2961.0,2975.0,2964.0,2977.0,3019.0,3029.0,2999.0
ADME.L,3.3,3.4,3.9,3.6,3.65,3.875,3.875,3.9,3.85,3.7,3.7,3.5,3.35,3.45,3.5,3.45,3.45,3.45,3.425,3.45,3.425,3.45,3.45,3.45,3.45,3.45,3.65,3.65,3.75,3.9,3.85,3.75,3.875,3.95,3.925,3.825,3.75,4.15,4.4,4.25,4.05,3.875,4.1,4.1,4.1,4.15,4.1,4.1,4.1,4.15,4.05,4.1,4.1,4.15,4.25,4.25,4.4,4.4,4.4,4.5,4.45,4.25,3.85,4.35,4.5,4.5,4.25,4.8,4.85,5.1,5.2,5.1,5.1,5.1,5.1,5.2,5.1,5.25,5.35,5.4,5.35,5.3,5.55,5.6,5.85,5.95,5.9,5.6,5.5,5.6,5.15,5.15,5.1,5.1,5.35
ADT.L,315.0,315.0,305.0,305.0,305.0,305.0,309.0,309.0,309.0,309.0,309.0,315.0,315.0,315.0,301.0,301.0,315.0,309.0,299.0,299.0,299.0,285.0,275.0,269.0,275.0,252.0,252.0,252.0,251.0,251.0,250.0,247.0,255.0,255.0,255.0,252.0,245.0,245.0,245.0,247.0,250.0,250.0,252.0,253.0,253.0,255.0,255.0,255.0,255.0,255.0,255.0,254.0,254.0,261.0,261.0,261.0,261.0,261.0,261.0,261.0,260.0,261.0,261.0,261.0,255.0,255.0,255.0,261.0,257.0,257.0,257.0,255.0,251.0,251.0,251.0,251.0,255.0,265.0,265.0,265.0,249.0,249.0,249.0,235.0,231.0,227.0,229.0,221.0,221.0,221.0,221.0,221.0,221.0,220.0,220.0
ADV.L,2.2,2.25,2.3,2.36,2.24,2.3,2.35,2.35,2.35,2.5,2.4,2.45,2.4,2.45,2.34,2.35,2.35,2.2,2.35,2.425,2.05,2.4,2.5,2.55,2.65,2.7,2.7,2.7,2.8,2.92,2.85,2.75,2.7,2.6,2.6,2.6,2.6,2.6,2.6,2.6,2.6,2.6,2.6,2.6,2.6,2.6,2.6,2.6,2.6,2.6,2.6,2.6,2.6,2.6,2.6,2.6,2.6,2.6,2.6,2.6,2.6,2.6,2.6,2.6,2.6,2.6,2.6,2.6,2.6,2.6,2.6,2.6,2.6,2.6,2.6,2.6,2.6,2.6,2.6,2.6,2.6,2.6,2.6,2.6,2.6,2.6,2.6,2.6,2.6,2.6,2.6,2.6,2.6,2.6,2.6
AEG.L,0.725,0.72,0.72,0.7,0.67,0.74,0.75,0.725,0.675,0.736,0.75,0.8,0.87,0.86,0.875,0.875,0.875,0.875,0.875,0.894,0.85,0.875,0.875,0.875,0.85,0.92,0.925,0.926,0.85,1.025,1.0,0.95,0.95,1.025,1.025,1.025,0.98,1.05,1.025,1.075,1.1,1.075,1.075,1.1,1.1,1.075,1.1,1.075,0.975,0.975,0.975,1.05,1.15,1.1,1.15,1.1,1.15,1.21,1.04,1.13,1.175,1.25,1.35,1.225,1.25,1.275,1.3,1.35,1.3,1.3,1.25,1.295,1.3,1.4,1.1,1.155,1.1,1.15,1.155,1.3,1.3,1.4,1.365,1.29,1.25,1.185,1.28,1.35,1.275,1.35,1.445,1.325,1.4,1.6,1.75
AEO.L,,30.0,30.0,30.0,30.0,30.0,30.0,30.0,30.0,30.0,30.0,30.0,30.5,30.5,30.5,30.5,30.5,30.5,30.5,30.5,30.5,30.5,30.5,30.5,30.5,30.5,30.5,30.5,30.5,30.5,30.5,30.0,27.5,27.5,27.0,27.0,27.0,28.0,28.0,28.0,28.0,28.0,27.0,27.0,27.0,28.0,28.0,28.0,28.0,28.0,28.0,28.0,28.0,28.0,28.0,28.0,28.0,28.0,28.0,28.0,28.0,28.0,28.0,28.0,28.0,28.0,24.0,24.0,24.0,24.0,24.0,24.0,24.0,24.0,24.0,24.0,24.0,24.0,24.0,24.0,24.0,24.0,24.0,24.0,24.0,24.0,24.0,24.0,24.0,24.0,24.0,24.0,24.0,24.0,24.0
AEP.L,660.0,672.0,684.0,669.0,640.0,671.0,684.0,724.0,664.0,649.0,652.0,652.0,652.0,654.0,647.0,656.0,640.0,629.0,640.0,635.0,630.0,612.0,602.0,602.0,606.0,616.0,615.0,616.0,612.0,602.0,608.0,606.0,610.0,608.0,606.0,605.0,606.0,606.0,602.0,606.0,612.0,607.0,616.0,608.0,610.0,606.0,606.0,603.0,600.0,602.0,600.0,603.0,606.0,600.0,603.0,603.0,604.0,602.0,604.0,606.0,598.0,604.0,606.0,618.0,608.0,600.0,608.0,609.0,612.0,600.0,598.0,601.0,606.0,604.0,600.0,608.0,596.0,597.0,592.0,584.0,594.0,620.0,626.0,622.0,630.0,631.0,628.0,625.0,625.0,623.0,622.0,636.0,609.0,597.0,588.0
AET.L,16.1,16.950001,17.65,18.35,18.450001,17.75,18.4,18.700001,19.0,18.35,18.1,16.5,16.6,16.35,16.65,17.299999,17.450001,17.6,17.549999,17.450001,17.450001,17.65,17.65,17.5,17.5,18.0,17.25,17.450001,17.049999,17.700001,17.25,17.049999,17.25,17.15,16.75,17.299999,16.6,17.1,16.85,17.25,17.15,17.700001,18.35,18.1,17.049999,17.35,17.1,17.1,17.1,17.299999,17.35,17.75,17.65,17.299999,17.0,17.450001,17.35,16.1,16.0,16.0,16.9,14.15,14.35,13.7,12.45,11.3,11.2,11.3,11.3,11.35,11.4,11.5,11.5,11.5,11.6,11.45,11.35,11.8,11.65,11.85,11.6,11.9,11.15,11.0,11.25,11.35,11.65,11.3,11.45,11.2,11.25,11.25,11.25,10.75,9.35
AEWU.L,97.349998,98.0,98.0,96.5,97.699997,97.5,97.400002,97.900002,94.0,92.900002,91.800003,92.400002,92.400002,92.099998,95.0,94.300003,93.300003,92.900002,93.300003,91.900002,92.599998,93.300003,94.0,90.0,89.800003,89.300003,88.599998,88.400002,87.0,84.599998,83.599998,83.0,83.199997,82.599998,83.800003,83.199997,81.800003,81.800003,82.0,81.800003,81.800003,81.599998,81.800003,82.0,82.0,82.0,81.599998,81.599998,82.0,82.0,81.599998,82.0,82.0,81.400002,81.800003,81.599998,82.0,82.599998,82.0,81.400002,82.0,82.0,82.0,82.199997,82.599998,82.599998,83.0,83.400002,83.199997,83.599998,83.800003,83.0,85.800003,85.199997,84.599998,85.599998,84.599998,85.400002,85.0,85.800003,79.900002,80.199997,80.599998,78.599998,79.800003,78.400002,80.0,78.800003,79.599998,78.300003,79.400002,79.800003,79.800003,78.800003,78.0
AEXG.L,29.5,30.299999,29.0,29.0,29.0,29.5,29.0,29.0,28.0,27.0,27.5,27.200001,26.5,26.0,27.200001,27.200001,27.0,27.0,27.0,27.0,27.5,27.5,27.6,27.5,27.6,27.5,26.0,25.5,25.5,26.4,26.5,26.0,26.200001,26.5,27.299999,27.299999,27.4,28.5,29.5,29.5,29.5,30.0,31.5,31.5,31.0,30.0,29.6,28.5,27.5,28.0,27.5,28.0,27.5,27.5,28.0,27.5,28.5,27.5,26.5,27.200001,28.0,28.0,28.5,29.200001,29.0,29.0,30.6,30.4,55.0,54.0,54.5,55.5,57.0,56.5,55.5,51.0,51.5,52.5,54.0,54.5,51.0,50.0,50.0,51.5,48.5,48.5,48.5,46.0,45.5,45.5,45.5,45.5,45.5,45.5,46.0
AFC.L,55.700001,57.200001,52.400002,53.200001,53.700001,53.599998,54.400002,56.5,60.200001,54.200001,58.099998,61.0,67.5,67.599998,68.099998,68.0,69.199997,69.900002,71.0,70.699997,69.0,69.599998,72.400002,68.0,66.5,63.0,62.799999,66.5,64.0,69.199997,71.0,69.0,64.300003,62.400002,53.700001,47.700001,44.700001,45.400002,46.700001,48.950001,49.049999,47.599998,48.299999,51.599998,48.950001,49.5,52.400002,48.400002,45.599998,43.0,45.049999,44.049999,50.599998,52.900002,54.5,53.900002,57.400002,56.0,52.099998,57.900002,61.799999,60.0,64.800003,66.0,68.800003,69.0,72.099998,73.199997,75.800003,78.199997,76.5,75.699997,78.400002,65.900002,64.0,61.0,62.900002,62.0,67.800003,71.0,74.800003,72.800003,73.800003,74.400002,75.300003,77.699997,81.599998,78.0,75.0,80.400002,83.5,81.199997,75.699997,77.0,75.599998
AFHP.L,475.0,475.0,475.0,475.0,475.0,475.0,475.0,475.0,475.0,475.0,475.0,475.0,472.0,475.0,475.0,475.0,475.0,475.0,475.0,475.0,475.0,475.0,475.0,472.0,475.0,475.0,475.0,475.0,475.0,475.0,475.0,475.0,475.0,475.0,475.0,475.0,475.0,475.0,475.0,475.0,475.0,475.0,475.0,475.0,475.0,475.0,475.0,479.0,475.0,475.0,475.0,475.0,473.0,473.0,458.0,458.0,460.0,461.5,461.5,461.5,459.0,458.0,462.0,462.5,464.0,464.0,464.0,459.0,459.0,460.0,455.0,454.0,455.0,455.0,455.0,455.0,455.5,457.0,455.0,456.0,397.5,397.5,400.0,390.0,390.0,390.0,390.0,392.0,392.0,390.0,390.0,380.0,349.0,345.0,341.0
AFM.L,325.0,325.0,325.0,325.0,325.0,325.0,325.0,325.0,325.0,325.0,325.0,327.0,327.0,325.0,319.0,319.0,307.0,300.0,295.0,295.0,295.0,295.0,293.0,290.0,289.0,289.0,286.0,278.0,267.0,258.0,258.0,258.0,258.0,258.0,260.0,258.0,258.0,258.0,258.0,258.0,258.0,258.0,262.0,262.0,265.0,266.0,266.0,268.0,268.0,268.0,268.0,268.0,270.0,237.0,238.0,237.0,242.0,245.0,247.0,252.0,252.0,254.0,253.0,255.0,255.0,260.0,256.0,254.0,256.0,256.0,258.0,260.0,264.0,264.0,260.0,255.0,255.0,253.0,253.0,250.0,239.0,242.0,239.0,239.0,239.0,239.0,239.0,239.0,235.0,233.0,232.0,232.0,233.0,229.0,228.0
AFN.L,70.0,73.0,74.0,74.0,78.0,73.0,75.5,77.0,75.5,78.0,83.0,78.0,63.0,68.0,35.5,35.0,38.0,35.0,34.0,34.0,34.0,34.0,34.0,33.5,33.5,33.5,28.0,28.0,28.0,27.5,27.5,26.5,26.5,28.5,28.5,27.0,27.0,26.5,30.5,31.5,31.5,31.5,31.5,31.5,31.5,31.0,31.0,31.0,32.0,33.5,33.5,33.5,33.5,33.5,33.5,33.5,33.5,33.5,33.5,34.0,33.5,35.5,35.5,31.5,30.5,31.5,31.5,31.5,31.5,30.4,31.5,31.5,31.5,31.5,31.5,31.5,31.5,31.5,31.5,30.6,31.5,31.5,31.5,33.5,33.5,33.5,35.5,28.5,28.5,29.5,24.0,26.5,21.0,19.0,19.0
AFS.L,325.0,330.0,325.0,325.0,325.0,330.0,330.0,330.0,330.0,330.0,330.0,330.0,315.0,315.0,315.0,330.0,330.0,335.0,335.0,340.0,340.0,345.0,345.0,335.0,345.0,345.0,350.0,350.0,350.0,355.0,360.0,366.0,385.0,340.0,320.0,310.0,285.0,285.0,285.0,285.0,280.0,260.0,268.0,248.0,247.0,247.0,247.0,245.0,245.0,260.0,260.0,260.0,260.0,260.0,260.0,255.0,260.0,260.0,260.0,260.0,270.0,260.0,260.0,260.0,250.0,245.0,245.0,245.0,245.0,245.0,244.0,250.0,250.0,245.0,245.0,245.0,250.0,250.0,252.0,250.0,250.0,250.0,250.0,250.0,260.0,250.0,250.0,250.0,260.0,255.0,255.0,255.0,255.0,255.0,255.0
AFX.L,1515.0,1510.0,1500.0,1490.0,1410.0,1530.0,1520.0,1640.0,1630.0,1630.0,1630.0,1660.0,1645.0,1570.0,1520.0,1510.0,1495.0,1485.0,1465.0,1490.0,1475.0,1470.0,1410.0,1350.0,1350.0,1315.0,1285.0,1300.0,1300.0,1335.0,1300.0,1305.0,1310.0,1330.0,1280.0,1350.0,1325.0,1350.0,1315.0,1355.0,1310.0,1375.0,1375.0,1395.0,1372.5,1362.5,1340.0,1340.0,1330.0,1330.0,1370.0,1270.0,1290.0,1265.0,1290.0,1300.0,1310.0,1280.0,1305.0,1380.0,1380.0,1405.0,1387.5,1395.0,1375.0,1380.0,1395.0,1445.0,1480.0,1415.0,1440.0,1450.0,1450.0,1452.5,1425.0,1450.0,1445.0,1455.0,1565.0,1505.0,1430.0,1415.0,1380.0,1410.0,1415.0,1410.0,1400.0,1395.0,1370.0,1420.0,1390.0,1340.0,1345.0,1325.0,1340.0
AGFX.L,120.0,122.0,123.75,120.5,125.0,125.0,126.75,128.0,126.5,127.75,128.5,129.0,127.0,130.0,130.0,128.5,130.0,128.5,128.0,128.5,128.75,127.5,129.0,130.0,129.5,129.5,129.5,129.0,129.0,128.0,128.0,128.25,128.0,128.0,129.0,129.5,130.0,129.0,131.0,129.0,127.0,128.0,128.5,131.5,127.25,127.0,123.5,126.0,121.0,117.0,117.0,117.25,116.5,115.25,114.5,116.0,116.0,116.25,118.0,119.0,122.0,127.5,122.0,122.5,122.0,121.5,120.25,118.5,120.5,120.0,115.0,115.0,117.5,120.0,120.0,118.0,115.0,118.0,120.25,115.5,117.75,118.5,125.5,127.5,126.0,131.5,130.5,132.0,129.0,131.5,135.0,133.0,138.5,128.0,135.0
AGK.L,861.0,862.5,861.5,862.5,862.0,861.0,861.0,861.0,862.5,861.0,861.5,861.5,862.5,861.5,863.5,861.0,862.0,853.0,851.0,870.5,871.0,871.0,871.5,871.5,872.0,872.0,873.0,873.0,875.0,874.0,876.5,875.0,877.0,876.0,876.0,878.0,880.0,881.0,880.5,882.5,882.5,884.5,883.5,884.0,884.0,888.0,881.0,886.5,890.0,889.0,895.0,889.0,823.0,813.0,810.5,800.0,811.5,817.0,817.0,835.0,839.0,839.5,842.0,852.5,850.0,850.0,869.0,853.0,851.0,851.0,844.0,635.0,615.0,612.0,595.5,585.0,603.0,604.5,604.5,589.5,623.5,635.5,674.5,639.5,637.5,638.0,660.0,655.0,660.5,646.5,653.5,650.0,666.5,639.5,626.5
AGL.L,126.0,134.0,127.5,121.0,113.5,110.5,111.0,111.0,113.5,113.5,114.0,111.0,116.5,113.5,107.0,109.0,114.0,113.0,112.5,110.0,110.0,109.5,98.0,83.199997,82.5,82.0,84.0,84.5,85.0,84.199997,83.0,81.300003,80.5,82.5,80.5,79.5,77.599998,81.5,83.0,83.5,83.199997,82.5,84.0,84.0,80.0,75.199997,77.0,77.0,78.0,75.5,77.5,77.400002,87.5,86.800003,83.800003,81.800003,84.5,87.0,81.0,87.0,89.5,86.5,88.5,92.199997,95.0,96.0,94.0,92.599998,92.5,91.0,85.5,84.400002,79.5,79.0,78.0,82.699997,82.0,78.199997,82.800003,79.5,74.699997,76.5,77.599998,64.800003,65.199997,61.5,60.5,62.0,58.0,54.5,53.5,53.700001,50.799999,51.0,48.25
AGM.L,31.299999,34.0,34.0,34.0,34.0,34.799999,36.5,36.5,36.5,36.5,36.5,37.0,37.0,37.0,36.0,36.299999,36.5,37.0,37.5,37.5,38.0,39.0,39.5,39.5,38.0,39.5,41.0,39.0,39.5,37.5,36.5,36.0,36.0,36.0,37.0,36.099998,37.5,38.25,41.0,42.0,42.0,42.5,44.0,41.0,42.0,39.0,35.5,36.0,35.900002,34.799999,36.5,37.0,37.0,39.0,41.0,37.0,39.0,39.0,38.0,41.0,40.0,40.0,43.0,45.0,43.5,43.0,43.0,45.0,46.0,46.0,46.0,45.0,46.0,47.0,48.0,47.0,48.299999,47.5,67.0,67.400002,65.0,64.0,62.0,64.0,65.5,74.5,72.0,58.0,55.0,49.0,46.5,45.099998,47.0,42.0,42.0
AGR.L,73.5,73.099998,72.449997,72.949997,72.449997,72.599998,71.800003,73.900002,73.599998,73.5,73.400002,74.5,74.449997,74.0,73.550003,73.5,74.300003,73.900002,74.800003,74.75,76.099998,74.699997,73.699997,73.699997,73.400002,73.650002,73.050003,73.550003,74.099998,73.300003,73.300003,72.5,72.099998,72.099998,71.900002,72.0,71.5,70.900002,71.5,72.0,72.0,71.0,71.900002,72.099998,71.400002,71.0,71.699997,72.900002,71.599998,73.599998,73.699997,76.0,76.400002,75.599998,75.0,74.5,76.0,76.5,75.400002,74.300003,74.199997,73.199997,73.0,72.900002,72.599998,72.199997,73.0,73.0,74.5,74.0,74.199997,74.099998,73.599998,73.5,73.400002,72.5,73.699997,74.400002,74.5,75.099998,74.800003,74.5,75.0,74.300003,75.900002,75.699997,77.5,77.099998,76.699997,77.800003,79.300003,78.5,78.099998,77.900002,77.199997
AGT.L,965.0,970.0,974.0,969.0,962.0,966.0,966.0,990.0,998.0,986.0,981.0,984.0,1004.0,1004.0,1004.0,998.0,1002.0,1002.0,1002.0,988.0,990.0,1012.0,1014.0,1000.0,995.0,990.0,994.0,994.0,980.0,982.0,966.0,956.0,945.0,940.0,942.0,942.0,933.0,941.0,945.0,949.0,932.0,938.0,944.0,956.0,940.0,937.0,938.0,932.0,924.0,917.0,896.0,881.0,895.0,892.0,878.0,871.0,885.0,889.0,887.0,886.0,897.0,897.0,913.0,926.0,926.0,916.0,916.0,912.0,912.0,916.0,916.0,887.0,883.0,876.0,855.0,855.0,862.0,858.0,870.0,870.0,873.0,874.0,876.0,870.0,867.0,865.0,881.0,878.0,880.0,883.0,885.0,886.0,886.0,885.0,887.0
AGTA.L,4.875,4.875,4.875,4.5,4.5,4.875,4.875,4.875,4.875,4.875,4.875,4.875,4.875,4.875,4.875,4.875,4.85,4.875,4.875,4.875,4.875,4.875,4.875,4.875,5.425,4.875,4.65,4.7,4.7,4.7,4.7,5.0,4.8,5.08,5.08,5.08,5.08,5.08,5.1,5.1,5.08,4.69,5.08,5.425,5.08,5.53,5.03,5.53,5.25,5.5,5.25,5.5,5.5,4.85,5.5,6.2,5.625,5.05,4.65,5.4,5.55,5.55,6.85,6.375,5.55,5.6,4.9,5.6,5.65,5.5,5.65,5.5,5.5,5.5,5.5,5.5,6.1,6.1,6.1,6.0,6.0,6.0,6.1,6.0,6.0,6.0,6.0,6.0,6.0,6.0,6.0,6.0,6.0,6.0,6.0
AGY.L,23.0,23.0,23.25,23.25,23.25,23.5,23.25,23.1,21.6,21.6,21.5,21.6,21.6,22.0,22.5,21.6,21.6,21.75,22.25,22.5,22.5,22.0,23.25,24.0,24.0,23.75,23.5,25.0,22.75,22.0,20.5,20.5,20.5,20.5,20.5,21.75,22.5,22.0,22.0,22.0,22.25,22.25,22.75,22.75,22.75,22.75,23.5,23.5,20.6,20.75,21.299999,20.375,20.5,21.0,19.200001,19.200001,18.625,18.875,18.549999,18.975,19.299999,19.049999,19.5,19.5,19.5,18.25,18.450001,18.450001,18.200001,18.75,18.25,18.6,19.1,19.5,19.0,19.5,19.0,19.549999,19.700001,19.450001,19.25,20.1,19.85,20.0,19.5,20.0,21.75,20.1,18.5,19.200001,18.75,16.6,16.25,16.25,16.0
AHT.L,5000.0,5050.0,4976.0,4988.0,4903.0,4801.0,4731.0,4813.0,4810.0,4752.0,4748.0,4630.0,4651.0,4703.0,4659.0,4691.0,4792.0,4782.0,4712.0,4650.0,4578.0,4600.0,4675.0,4638.0,4568.0,4560.0,4542.0,4573.0,4517.0,4455.0,4479.0,4473.0,4327.0,4319.0,4278.0,4319.0,4287.0,4328.0,4265.0,4305.0,4286.0,4283.0,4275.0,4300.0,4237.0,4232.0,4201.0,4172.0,4188.0,4036.0,3884.0,3994.0,4084.0,3969.0,4018.0,3880.0,3925.0,4057.0,3967.0,3951.0,3995.0,3914.0,3872.0,3931.0,3966.0,3918.0,3903.0,3836.0,3889.0,3915.0,3848.0,3934.0,3824.0,3858.0,3766.0,3693.0,3711.0,3650.0,3730.0,3748.0,3832.0,3760.0,3710.0,3670.0,3655.0,3652.0,3671.0,3675.0,3650.0,3650.0,3673.0,3664.0,3651.0,3537.0,3500.0
AIEA.L,,34.5,34.5,34.5,34.5,34.5,34.5,34.5,34.5,34.5,34.5,34.5,35.0,35.0,35.0,35.0,34.5,34.5,36.0,33.5,31.0,30.5,30.0,30.0,30.0,30.0,30.0,30.0,30.5,31.5,31.5,32.5,32.5,32.5,32.5,32.5,32.5,32.5,32.5,32.5,32.5,32.0,32.0,30.0,30.0,30.0,30.0,30.0,30.0,29.5,28.5,28.5,28.0,28.0,27.5,27.5,28.5,28.0,28.5,28.5,28.5,28.5,29.0,30.0,30.0,30.0,30.0,30.0,30.0,30.0,28.0,27.5,27.5,27.5,27.5,27.5,27.5,27.5,27.0,27.0,29.0,29.0,29.0,29.0,29.0,29.0,29.0,30.0,32.0,32.0,32.0,32.0,32.0,32.0,32.0
AJB.L,419.799988,426.200012,436.0,432.600006,430.399994,430.0,434.0,439.799988,439.600006,436.0,433.600006,434.600006,444.0,439.0,432.0,435.600006,435.399994,441.0,449.799988,466.600006,470.0,460.799988,460.200012,454.600006,448.600006,445.600006,448.399994,444.600006,445.600006,442.399994,444.799988,431.0,419.5,419.0,415.5,408.5,407.5,412.0,415.0,425.0,417.5,424.0,425.5,419.0,417.5,419.0,421.5,420.0,414.5,403.5,408.0,416.0,424.5,423.0,424.0,422.5,441.0,435.0,441.0,430.0,433.0,429.5,439.0,455.0,461.5,460.0,458.0,444.0,460.0,461.0,456.0,460.0,457.5,450.0,437.0,431.0,436.0,441.5,452.0,443.0,450.0,462.0,467.5,460.0,450.5,449.0,454.0,450.5,445.0,437.5,433.0,432.5,438.0,444.5,438.5
AJOT.L,103.75,104.0,103.0,104.25,103.0,105.25,106.5,108.5,107.5,109.0,109.25,111.0,112.0,112.0,112.75,112.75,113.5,112.75,112.75,112.0,111.25,113.25,115.0,112.25,111.5,111.5,111.5,111.5,111.5,112.0,111.5,111.5,112.0,111.5,109.75,109.5,109.75,109.5,109.0,110.0,111.5,108.75,110.0,109.5,107.75,107.0,108.0,105.5,105.0,105.25,105.0,107.0,108.0,108.0,107.0,105.5,109.75,110.5,111.5,112.0,111.0,113.0,113.25,113.0,113.0,114.5,113.0,111.25,111.75,112.0,110.0,108.25,109.0,107.5,106.25,106.5,107.0,109.0,109.75,110.75,110.0,110.5,110.5,111.0,111.5,110.75,110.75,110.5,111.0,110.75,111.25,110.75,110.75,110.75,111.5
ALBA.L,0.285,0.29,0.29,0.295,0.299,0.291,0.299,0.315,0.32,0.291,0.301,0.313,0.33,0.314,0.32,0.275,0.28,0.28,0.28,0.3,0.275,0.25,0.24,0.26,0.28,0.285,0.3,0.32,0.34,0.33,0.315,0.32,0.33,0.33,0.335,0.32,0.31,0.33,0.33,0.33,0.335,0.35,0.355,0.335,0.34,0.341,0.345,0.34,0.35,0.302,0.31,0.325,0.32,0.31,0.325,0.325,0.33,0.315,0.315,0.331,0.34,0.33,0.335,0.345,0.335,0.365,0.355,0.37,0.4,0.355,0.36,0.36,0.34,0.34,0.363,0.35,0.353,0.365,0.375,0.38,0.405,0.39,0.4,0.41,0.425,0.42,0.435,0.435,0.445,0.44,0.455,0.47,0.49,0.502,0.528
ALFA.L,122.0,123.0,129.0,133.5,122.0,135.5,136.0,140.0,139.0,137.0,137.0,135.0,136.0,139.0,138.0,135.0,137.0,138.0,144.0,135.0,140.0,136.5,137.0,138.0,140.0,140.5,130.0,133.0,136.0,135.0,142.0,139.5,135.0,141.399994,133.399994,133.0,126.599998,129.199997,133.0,136.0,135.0,134.0,135.0,129.800003,128.0,126.800003,130.0,129.600006,129.0,126.800003,128.800003,128.399994,131.0,135.0,135.800003,130.600006,130.399994,130.0,130.600006,127.0,128.399994,124.0,125.0,128.0,125.0,131.0,135.0,129.800003,128.0,129.0,130.0,126.599998,124.400002,130.0,130.600006,129.399994,128.600006,126.0,132.0,126.599998,128.0,130.0,134.0,141.600006,135.0,135.0,135.0,135.0,135.0,134.800003,130.199997,135.600006,135.0,127.599998,132.0
